{
  "disappearance": {
    "object_probs": [
      0.21302396059036255,
      0.7643694877624512,
      0.8475184440612793,
      0.8052107095718384,
      0.7508786916732788,
      0.8690993785858154,
      0.7718892097473145,
      0.8626866340637207,
      0.7847678661346436,
      0.8869566321372986,
      0.8814176917076111,
      0.8992489576339722,
      0.9091475605964661,
      0.9123702049255371,
      0.8834319710731506,
      0.8637381792068481,
      0.9068297743797302,
      0.8165556192398071,
      0.9323420524597168,
      0.9729964137077332,
      0.9241353869438171,
      0.9906270503997803,
      0.9882354736328125,
      0.9877743124961853,
      0.9877739548683167,
      0.9636619687080383,
      0.9685491323471069,
      0.9894826412200928,
      0.9640578031539917,
      0.9800528883934021,
      0.9918244481086731,
      0.9844958782196045,
      0.9560853838920593,
      0.9882302284240723,
      0.995961606502533,
      0.9959684610366821,
      0.9932007193565369
    ],
    "empty_probs": [
      0.7869760394096375,
      0.23563048243522644,
      0.1524815410375595,
      0.19478929042816162,
      0.24912135303020477,
      0.13090066611766815,
      0.22811082005500793,
      0.13731339573860168,
      0.21523214876651764,
      0.1130433976650238,
      0.11858231574296951,
      0.10075102001428604,
      0.09085247665643692,
      0.08762985467910767,
      0.11656805127859116,
      0.13626186549663544,
      0.09317027032375336,
      0.18344444036483765,
      0.06765789538621902,
      0.027003511786460876,
      0.07586459815502167,
      0.009372996166348457,
      0.011764530092477798,
      0.01222571823745966,
      0.012226111255586147,
      0.036338094621896744,
      0.03145089000463486,
      0.01051739789545536,
      0.03594217076897621,
      0.019947044551372528,
      0.008175527676939964,
      0.015504048205912113,
      0.04391466826200485,
      0.011769809760153294,
      0.004038361366838217,
      0.004031592980027199,
      0.006799322087317705
    ],
    "final_empty_prob": 0.006799322087317705,
    "final_object_prob": 0.9932007193565369,
    "initial_object_prob": 0.21302396059036255,
    "object_prob_drop": -0.7801767587661743,
    "peak_empty_frame": 0,
    "peak_empty_prob": 0.7869760394096375,
    "success_final_frame": false
  },
  "clip_temporal": {
    "clip_scores": [
      0.18426236510276794,
      0.20213347673416138,
      0.20667704939842224,
      0.20426252484321594,
      0.20410466194152832,
      0.20211562514305115,
      0.20105332136154175,
      0.19289630651474,
      0.1991274654865265,
      0.19315315783023834,
      0.19958478212356567,
      0.19737234711647034,
      0.19865047931671143,
      0.1987873762845993,
      0.19834262132644653,
      0.18699008226394653,
      0.1918872892856598,
      0.20904342830181122,
      0.20829029381275177,
      0.19894829392433167,
      0.2053549885749817,
      0.2115899622440338,
      0.20139282941818237,
      0.19699278473854065,
      0.20026323199272156,
      0.20461323857307434,
      0.19902712106704712,
      0.1875499188899994,
      0.19457212090492249,
      0.20137304067611694,
      0.1977110505104065,
      0.18729034066200256,
      0.19296693801879883,
      0.20301130414009094,
      0.19171413779258728,
      0.1931261569261551,
      0.19922205805778503
    ],
    "clip_start": 0.18426236510276794,
    "clip_end": 0.19922205805778503,
    "clip_slope": -9.098108513426352e-05,
    "clip_mean": 0.19852578841351173,
    "clip_std": 0.006323193340582165,
    "clip_max": 0.2115899622440338,
    "clip_min": 0.18426236510276794
  },
  "lpips": {
    "lpips_per_frame": [
      0.0963064506649971,
      0.0697745531797409,
      0.050648272037506104,
      0.044778577983379364,
      0.14276345074176788,
      0.058480214327573776,
      0.047022730112075806,
      0.036765243858098984,
      0.12879014015197754,
      0.05807144194841385,
      0.05265425518155098,
      0.04517855495214462,
      0.1351567953824997,
      0.05931395664811134,
      0.04783867299556732,
      0.03832978755235672,
      0.12048313021659851,
      0.06740857660770416,
      0.06599105149507523,
      0.045055702328681946,
      0.12659825384616852,
      0.060816481709480286,
      0.057294297963380814,
      0.03971407189965248,
      0.1343207061290741,
      0.05602651834487915,
      0.057695187628269196,
      0.03696535527706146,
      0.10620986670255661,
      0.04312045872211456,
      0.04406672716140747,
      0.03141271695494652,
      0.11052684485912323,
      0.05773394554853439,
      0.047673799097537994,
      0.034499142318964005
    ],
    "lpips_mean": 0.06820794257024924,
    "lpips_std": 0.033290781890297466,
    "lpips_max": 0.14276345074176788,
    "lpips_first_half_mean": 0.07220915580789249,
    "lpips_second_half_mean": 0.064206729332606
  }
}